<?xml version="1.0" encoding="UTF-8"?>
<Configuration status="WARN" monitorInterval="30">
	<Properties>
		<Property name="LOG_PATTERN">%d{yyyy-MM-dd HH:mm:ss.SSSZ} %p %m %n
		</Property>
	</Properties>

	<Appenders>
		<Console name="Console" target="SYSTEM_OUT" follow="true">
			<PatternLayout pattern="${LOG_PATTERN}" />
		</Console>
		<RollingFile name="appLog"
			fileName="${env:LOG_PATH}/smartrouter.log" 
			filePattern="${env:LOG_PATH}/smartrouter-%d{MM-dd-yyyy}-%i.log.gz">
			<PatternLayout pattern="${LOG_PATTERN}" />
			<Policies>
				<SizeBasedTriggeringPolicy size="20MB" />
			</Policies>
			<DefaultRolloverStrategy max="20" />
		</RollingFile>
	</Appenders>

	<Loggers>
		<Logger name="org.hibernate" additivity="false" level="INFO">
			<AppenderRef ref="appLog" />
			<AppenderRef ref="Console" />
		</Logger>

		<Logger name="com.spaceandtime" additivity="false" level="INFO">
			<AppenderRef ref="appLog" />
			<AppenderRef ref="Console" />
		</Logger>

		<Logger name="org.springframework" additivity="false" level="INFO">
			<AppenderRef ref="appLog" />
			<AppenderRef ref="Console" />
		</Logger>

		<Root level="INFO">
			<AppenderRef ref="appLog" />
			<AppenderRef ref="Console" />
		</Root>
	</Loggers>
</Configuration>